INSERT INTO persona(idPersona,PNombre,SNombre,PApellido,SApellido,direccion,numerodeID) VALUES (1,'Paulo','Andre','Londra','Rubio','Col.Kennedy',08001-1995-09876)
INSERT INTO persona(idPersona,PNombre,SNombre,PApellido,SApellido,direccion,numerodeID) VALUES (2,'Mario','Antonio','Lopez','Barahona','Col.Miraflores',08011-1997-06776)
INSERT INTO persona(idPersona,PNombre,SNombre,PApellido,SApellido,direccion,numerodeID) VALUES (3,'Samanta','Maria','Garcia','Martinez','Col.Navuo',08001-1997-39896)
INSERT INTO persona(idPersona,PNombre,SNombre,PApellido,SApellido,direccion,numerodeID) VALUES (4,'Fernando','Daniel','Garcia','Mendez','Col.Llanos',0801-1994-280394)
INSERT INTO persona(idPersona,PNombre,SNombre,PApellido,SApellido,direccion,numerodeID) VALUES (5,'Nolan','Said','Pavon','Martinez','Col.Jose',08001-1993-76543)
INSERT INTO persona(idPersona,PNombre,SNombre,PApellido,SApellido,direccion,numerodeID) VALUES (6,'German','David','Garcia','Guevara','Col.Aleman',08001-1998-04386)
INSERT INTO persona(idPersona,PNombre,SNombre,PApellido,SApellido,direccion,numerodeID) VALUES (7,'Sabrina','Marie','Lopez','Barahona','Col.Jacaleapa',08001-1993-08421)
INSERT INTO persona(idPersona,PNombre,SNombre,PApellido,SApellido,direccion,numerodeID) VALUES (8,'Maria','Jose','Barahona','Gutierrez','Col.San Migel',08001-1995-08763)
INSERT INTO persona(idPersona,PNombre,SNombre,PApellido,SApellido,direccion,numerodeID) VALUES (9,'Carlos','Roberto','Motiño','Franco','Col.Pedregal',08011-1995-09876)
INSERT INTO persona(idPersona,PNombre,SNombre,PApellido,SApellido,direccion,numerodeID) VALUES (10,'Francis','Ruby','Gonzales','Ramos','Col.Vega',08001-1994-08790)
INSERT INTO persona(idPersona,PNombre,SNombre,PApellido,SApellido,direccion,numerodeID) VALUES (11,'Oscar','Ovany','Colindres','Reyes','Col.America',08001-1992-04833)
INSERT INTO persona(idPersona,PNombre,SNombre,PApellido,SApellido,direccion,numerodeID) VALUES (12,'Bryan','Leonardo','Calix','Alvarez','Col.San Angel',08001-1993-08653)
INSERT INTO persona(idPersona,PNombre,SNombre,PApellido,SApellido,direccion,numerodeID) VALUES (13,'Luis','Fernando','Estrada','Nuñez','Col.San Francisco',08001-1991-08721)
INSERT INTO persona(idPersona,PNombre,SNombre,PApellido,SApellido,direccion,numerodeID) VALUES (14,'Heidy','Mabel','Gomez','Erazo','Col.Chimbo',08001-1994-05098)
INSERT INTO persona(idPersona,PNombre,SNombre,PApellido,SApellido,direccion,numerodeID) VALUES (15,'Angel','David','Vargas','Guzman','Col.Suyapa',08001-1993-09876)

INSERT INTO libro(idLibro,nombre,edicion,precio,Prestar) Values(1,'Matematica Basica','12 Edicion',250,1)
INSERT INTO libro(idLibro,nombre,edicion,precio,Prestar) Values(2,'Algebra Lineal','11 Edicion',300,1)
INSERT INTO libro(idLibro,nombre,edicion,precio,Prestar) Values(3,'Fisica General','9 Edicion',200,1)
INSERT INTO libro(idLibro,nombre,edicion,precio,Prestar) Values(4,'Alquimista','Edicion Unica',300,1)
INSERT INTO libro(idLibro,nombre,edicion,precio,Prestar) Values(5,'Quimica General','11 Edicion',300,0)
INSERT INTO libro(idLibro,nombre,edicion,precio,Prestar) Values(6,'Anatomia','8 Edicion',250,0)
INSERT INTO libro(idLibro,nombre,edicion,precio,Prestar) Values(7,'Fundamentos de Progrmacion','12 Edicion',500,0)
INSERT INTO libro(idLibro,nombre,edicion,precio,Prestar) Values(8,'You before me','Edicion unica',200,1)
INSERT INTO libro(idLibro,nombre,edicion,precio,Prestar) Values(9,'Geomeria analitica','9 Edicion',200,0)
INSERT INTO libro(idLibro,nombre,edicion,precio,Prestar) Values(10,'After','Edicion unica',350,0)
INSERT INTO libro(idLibro,nombre,edicion,precio,Prestar) Values(11,'Progrmacion C++','12 Edicion',700,0)
INSERT INTO libro(idLibro,nombre,edicion,precio,Prestar) Values(12,'The girl in the spider web','Edicion unica',230,0)
INSERT INTO libro(idLibro,nombre,edicion,precio,Prestar) Values(13,'Geometria y trigonometria','12 Edicion',150,1)
INSERT INTO libro(idLibro,nombre,edicion,precio,Prestar) Values(14,'El tercer estado','Edicion unica',450,1)
INSERT INTO libro(idLibro,nombre,edicion,precio,Prestar) Values(15,'Fisiologia','12 Edicion',600,0)

INSERT INTO autor(idautor,nombre,descripcion) VALUES(1,'Gloria Montano','Matematico de la UNAH')
INSERT INTO autor(idautor,nombre,descripcion) VALUES(2,'David POOLe','Matematico de la Universidad TRENT')
INSERT INTO autor(idautor,nombre,descripcion) VALUES(3,'Ignacio Martin','Psicologo')
INSERT INTO autor(idautor,nombre,descripcion) VALUES(4,'Paulo Coehlo','Escritor importante')
INSERT INTO autor(idautor,nombre,descripcion) VALUES(5,'Ralph Petrucci','Quimico')
INSERT INTO autor(idautor,nombre,descripcion) VALUES(6,'Moller Ruff','Escritor importante')
INSERT INTO autor(idautor,nombre,descripcion) VALUES(7,'MCgra Hill','Ingeniero en sofware')
INSERT INTO autor(idautor,nombre,descripcion) VALUES(8,'Emiloia Clarke','Escritor importante')
INSERT INTO autor(idautor,nombre,descripcion) VALUES(9,'Joseph Kindle','Matematico y fisico')
INSERT INTO autor(idautor,nombre,descripcion) VALUES(10,'Ana Tod','Escritor importante')
INSERT INTO autor(idautor,nombre,descripcion) VALUES(11,'Jseey Liberty','Ingeniero en software')
INSERT INTO autor(idautor,nombre,descripcion) VALUES(12,'Federico Alvarez','Escritor importante')
INSERT INTO autor(idautor,nombre,descripcion) VALUES(13,'Wilfredo Murillo','Matematico de la UNAH')
INSERT INTO autor(idautor,nombre,descripcion) VALUES(14,'Joseph Sieyès','Abogado')
INSERT INTO autor(idautor,nombre,descripcion) VALUES(15,'Maria Barahona','Biologo')



INSERT INTO cargo(idCargo,Descripcion) VALUES(1,'Tecnico Auxiliar')
INSERT INTO cargo(idCargo,Descripcion) VALUES(2,'Vendedor')
INSERT INTO cargo(idCargo,Descripcion) VALUES(3,'Cajero')
INSERT INTO cargo(idCargo,Descripcion) VALUES(4,'Secretario')

INSERT INTO sucursal(idSucursal,nombre,direccion,telefono,correo) VALUES(1,'ALEMAR','Col.Kennedy',22288112,'alemark@hotmail.com')
INSERT INTO sucursal(idSucursal,nombre,direccion,telefono,correo) VALUES(2,'ALEMAR','Mall Multiplaza',22898861,'alemarm@hotmail.com') 
INSERT INTO sucursal(idSucursal,nombre,direccion,telefono,correo) VALUES(3,'ALEMAR','Col.San Miguel',22985431,'alemars@hotmail.com') 
INSERT INTO sucursal(idSucursal,nombre,direccion,telefono,correo) VALUES(4,'ALEMAR','Col.America',22987654,'alemara@hotmail.com')
INSERT INTO sucursal(idSucursal,nombre,direccion,telefono,correo) VALUES(5,'ALEMAR','Col.Hadas',22909876,'alemarh@hotmail.com') 
INSERT INTO sucursal(idSucursal,nombre,direccion,telefono,correo) VALUES(6,'ALEMAR','Mall Cascadas',22985432,'alemarc@hotmail.com') 
INSERT INTO sucursal(idSucursal,nombre,direccion,telefono,correo) VALUES(7,'ALEMAR','Metromall',22987980,'alemarmll@hotmail.com') 
INSERT INTO sucursal(idSucursal,nombre,direccion,telefono,correo) VALUES(8,'ALEMAR','Col.Kennedy',22280912,'almark@hotmail.com')
INSERT INTO sucursal(idSucursal,nombre,direccion,telefono,correo) VALUES(9,'ALEMAR','Mall Multiplaza',22898861,'alemarm@hotmail.com') 
INSERT INTO sucursal(idSucursal,nombre,direccion,telefono,correo) VALUES(10,'ALEMAR','Col.San Miguel',22905431,'alemars@hotmail.com') 
INSERT INTO sucursal(idSucursal,nombre,direccion,telefono,correo) VALUES(11,'ALEMAR','Col.America',22998654,'alemara@hotmail.com')
INSERT INTO sucursal(idSucursal,nombre,direccion,telefono,correo) VALUES(12,'ALEMAR','Col.Hadas',22909096,'alemrh@hotmail.com') 
INSERT INTO sucursal(idSucursal,nombre,direccion,telefono,correo) VALUES(13,'ALEMAR','Mall Cascadas',22025432,'almarc@hotmail.com') 
INSERT INTO sucursal(idSucursal,nombre,direccion,telefono,correo) VALUES(14,'ALEMAR','Metromall',22097980,'alemarl@hotmail.com') 
INSERT INTO sucursal(idSucursal,nombre,direccion,telefono,correo) VALUES(15,'ALEMAR','Metromall',22097980,'alemarmll@hotmail.com') 


INSERT INTO proveedor(idProveedor,Nombre,Direccion,Telefono) VALUES(1,'Book master','Col.San Carlos',98765436)
INSERT INTO proveedor(idProveedor,Nombre,Direccion,Telefono) VALUES(2,'Casa Sol','Boulevard Suyapa',98765790)
INSERT INTO proveedor(idProveedor,Nombre,Direccion,Telefono) VALUES(3,'Smart libelula','Castelldefels',22873649)
INSERT INTO proveedor(idProveedor,Nombre,Direccion,Telefono) VALUES(4,'Maprofar','Boulvard San pablo',22980098)
INSERT INTO proveedor(idProveedor,Nombre,Direccion,Telefono) VALUES(5,'Ediciones piramide','Col. San Miguel',2209876)
INSERT INTO proveedor(idProveedor,Nombre,Direccion,Telefono) VALUES(6,'Navarro','Col.Cadiz', 22098764)
INSERT INTO proveedor(idProveedor,Nombre,Direccion,Telefono) VALUES(7,'Axial','Col.Tarranga',98765430)
INSERT INTO proveedor(idProveedor,Nombre,Direccion,Telefono) VALUES(8,'Disconsu','Col.Mairena',98980909)
INSERT INTO proveedor(idProveedor,Nombre,Direccion,Telefono) VALUES(9,'Libertad','Col.Miramont',22980965)
INSERT INTO proveedor(idProveedor,Nombre,Direccion,Telefono) VALUES(10,'Gesapro','Canaria',23786543)
INSERT INTO proveedor(idProveedor,Nombre,Direccion,Telefono) VALUES(11,'Zarabanda','Col.Zarabanda',22987650)
INSERT INTO proveedor(idProveedor,Nombre,Direccion,Telefono) VALUES(12,'Logofrom','Col,Kennedy',22123490)
INSERT INTO proveedor(idProveedor,Nombre,Direccion,Telefono) VALUES(13,'Fontalba','Col.Guaymura',98230923)
INSERT INTO proveedor(idProveedor,Nombre,Direccion,Telefono) VALUES(14,'Colmenar','Col,Venecia',98904565)
INSERT INTO proveedor(idProveedor,Nombre,Direccion,Telefono) VALUES(15,'Hollywood','Madrid',23876546)


INSERT INTO editorial(ideditorial,nombre,direccion,telefono) VALUES (1, 'Voomm', '79 Melrose Terrace', '496-19-7940')
INSERT INTO editorial(ideditorial,nombre,direccion,telefono) VALUES (2, 'Kwinu', '6 Autumn Leaf Alley', '346-25-7726')
INSERT INTO editorial(ideditorial,nombre,direccion,telefono) VALUES (3, 'Skimia', '96665 Corscot Junction', '499-16-3690')
INSERT INTO editorial(ideditorial,nombre,direccion,telefono) VALUES (4, 'Oozz', '91 Badeau Place', '305-39-1011')
INSERT INTO editorial(ideditorial,nombre,direccion,telefono) VALUES (5, 'Avamm', '155 West Court', '512-60-2583')
INSERT INTO editorial(ideditorial,nombre,direccion,telefono) VALUES (6, 'Kwilith', '34 Morningstar Trail', '802-15-9182')
INSERT INTO editorial(ideditorial,nombre,direccion,telefono) VALUES (7, 'Avaveo', '2869 Kennedy Way', '886-62-9744')
INSERT INTO editorial(ideditorial,nombre,direccion,telefono) VALUES (8, 'Aivee', '0477 Armistice Hill', '202-03-0298')
INSERT INTO editorial(ideditorial,nombre,direccion,telefono) VALUES (9, 'Buzzster', '76182 Stephen Court', '729-69-0290')
INSERT INTO editorial(ideditorial,nombre,direccion,telefono) VALUES (10, 'Yadel', '3 Kings Terrace', '165-92-8726')
INSERT INTO editorial(ideditorial,nombre,direccion,telefono) VALUES (11, 'Rhynyx', '5 Anderson Street', '229-24-3764')
INSERT INTO editorial(ideditorial,nombre,direccion,telefono) VALUES (12, 'Meejo', '0525 Stang Circle', '200-67-8574')
INSERT INTO editorial(ideditorial,nombre,direccion,telefono) VALUES (13, 'Tagcat', '31499 Derek Drive', '875-46-5535')
INSERT INTO editorial(ideditorial,nombre,direccion,telefono) VALUES (14, 'Reallinks', '7 Basil Center', '774-27-9017')
INSERT INTO editorial(ideditorial,nombre,direccion,telefono) VALUES (15, 'Zoonder', '14 Farwell Plaza', '348-10-9091')

INSERT INTO entradas(idEntradas,cantidad,precio) VALUES (1, 81, 20.51)
INSERT INTO entradas(idEntradas,cantidad,precio) VALUES (2, 39, 29.50)
INSERT INTO entradas(idEntradas,cantidad,precio) VALUES (3, 71, 22.28)
INSERT INTO entradas(idEntradas,cantidad,precio) VALUES (4, 54, 27.85)
INSERT INTO entradas(idEntradas,cantidad,precio) VALUES (5, 36, 29.35)
INSERT INTO entradas(idEntradas,cantidad,precio) VALUES (6, 80, 21.08)
INSERT INTO entradas(idEntradas,cantidad,precio) VALUES (7, 11, 25.29)
INSERT INTO entradas(idEntradas,cantidad,precio) VALUES (8, 34, 24.31)
INSERT INTO entradas(idEntradas,cantidad,precio) VALUES (9, 8, 11.24);
INSERT INTO entradas(idEntradas,cantidad,precio) VALUES (10, 50, 14.60)
INSERT INTO entradas(idEntradas,cantidad,precio) VALUES (11, 24, 13.34)
INSERT INTO entradas(idEntradas,cantidad,precio) VALUES (12, 68, 10.24)
INSERT INTO entradas(idEntradas,cantidad,precio) VALUES (13, 73, 11.17)
INSERT INTO entradas(idEntradas,cantidad,precio) VALUES (14, 75, 13.90)
INSERT INTO entradas(idEntradas,cantidad,precio) VALUES (15, 58, 15.76)

INSERT INTO pago(idPago,Monto,ISV,Total) VALUES (1,100,15,115)
INSERT INTO pago(idPago,Monto,ISV,Total) VALUES (2,200,15,215)
INSERT INTO pago(idPago,Monto,ISV,Total) VALUES (3,100,30,130)
INSERT INTO pago(idPago,Monto,ISV,Total) VALUES (4,100,45,145)
INSERT INTO pago(idPago,Monto,ISV,Total) VALUES (5,200,15,25)
INSERT INTO pago(idPago,Monto,ISV,Total) VALUES (6,500,30,530)
INSERT INTO pago(idPago,Monto,ISV,Total) VALUES (7,750,15,765)
INSERT INTO pago(idPago,Monto,ISV,Total) VALUES (8,345,15,360)
INSERT INTO pago(idPago,Monto,ISV,Total) VALUES (9,150,45,195)
INSERT INTO pago(idPago,Monto,ISV,Total) VALUES (10,225,30,255)
INSERT INTO pago(idPago,Monto,ISV,Total) VALUES (11,450,45,495)
INSERT INTO pago(idPago,Monto,ISV,Total) VALUES (12,245,30,275)
INSERT INTO pago(idPago,Monto,ISV,Total) VALUES (13,185,25,210)
INSERT INTO pago(idPago,Monto,ISV,Total) VALUES (14,200,25,225)
INSERT INTO pago(idPago,Monto,ISV,Total) VALUES (15,750,25,775)


INSERT INTO telefono(idTelefono,numero,idPersona,idProveedor) VALUES (1, 551-189-961,1,1)
INSERT INTO telefono(idTelefono,numero,idPersona,idProveedor) VALUES (2, 886-321-102,2,2)
INSERT INTO telefono(idTelefono,numero,idPersona,idProveedor) VALUES (3, 159-704-963,3,3)
INSERT INTO telefono(idTelefono,numero,idPersona,idProveedor) VALUES (4, 620-460-864,4,4)
INSERT INTO telefono(idTelefono,numero,idPersona,idProveedor) VALUES (5, 223-330-625,5,5)
INSERT INTO telefono(idTelefono,numero,idPersona,idProveedor) VALUES (6, 134-856-026,6,6)
INSERT INTO telefono(idTelefono,numero,idPersona,idProveedor) VALUES (7, 332-786-907,7,7)
INSERT INTO telefono(idTelefono,numero,idPersona,idProveedor) VALUES (8, 510-237-868,8,8)
INSERT INTO telefono(idTelefono,numero,idPersona,idProveedor) VALUES (9, 323-141-559,9,9)
INSERT INTO telefono(idTelefono,numero,idPersona,idProveedor) VALUES (10, 807-884-44,10,10)
INSERT INTO telefono(idTelefono,numero,idPersona,idProveedor) VALUES (11, 517-137-45,11,11)
INSERT INTO telefono(idTelefono,numero,idPersona,idProveedor) VALUES (12, 416-604-13,12,12)
INSERT INTO telefono(idTelefono,numero,idPersona,idProveedor) VALUES (13, 438-805-27,13,13)
INSERT INTO telefono(idTelefono,numero,idPersona,idProveedor) VALUES (14, 203-902-75,14,14)
INSERT INTO telefono(idTelefono,numero,idPersona,idProveedor) VALUES (15, 344-626-25,15,15)
INSERT INTO telefono(idTelefono,numero,idPersona,idProveedor) VALUES (16, 551-189-99,1,1)
INSERT INTO telefono(idTelefono,numero,idPersona,idProveedor) VALUES (17, 886-321-06,2,2)
INSERT INTO telefono(idTelefono,numero,idPersona,idProveedor) VALUES (18, 159-704-79,3,3)
INSERT INTO telefono(idTelefono,numero,idPersona,idProveedor) VALUES (19, 620-460-86,4,4)
INSERT INTO telefono(idTelefono,numero,idPersona,idProveedor) VALUES (20, 223-330-62,5,5)
INSERT INTO telefono(idTelefono,numero,idPersona,idProveedor) VALUES (21, 134-856-02,6,6)
INSERT INTO telefono(idTelefono,numero,idPersona,idProveedor) VALUES (22, 332-786-92,7,7)
INSERT INTO telefono(idTelefono,numero,idPersona,idProveedor) VALUES (23, 510-237-79,8,8)
INSERT INTO telefono(idTelefono,numero,idPersona,idProveedor) VALUES (24, 323-141-04,9,9)
INSERT INTO telefono(idTelefono,numero,idPersona,idProveedor) VALUES (25, 807-884-15,10,10)
INSERT INTO telefono(idTelefono,numero,idPersona,idProveedor) VALUES (26, 517-137-96,11,11)
INSERT INTO telefono(idTelefono,numero,idPersona,idProveedor) VALUES (27, 416-604-44,12,12)
INSERT INTO telefono(idTelefono,numero,idPersona,idProveedor) VALUES (28, 438-805-00,13,13)
INSERT INTO telefono(idTelefono,numero,idPersona,idProveedor) VALUES (29, 203-902-77,14,14)
INSERT INTO telefono(idTelefono,numero,idPersona,idProveedor) VALUES (30, 344-626-65,15,15)

INSERT INTO email(idEmail,Descripcion,idPersona,idProveedor) VALUES (1, 'fwebberley0@statcounter.com',1,1)
INSERT INTO email(idEmail,Descripcion,idPersona,idProveedor) VALUES (2, 'cdodell1@hibu.com',2,2)
INSERT INTO email(idEmail,Descripcion,idPersona,idProveedor) VALUES (3, 'llavielle2@indiegogo.com',3,3)
INSERT INTO email(idEmail,Descripcion,idPersona,idProveedor) VALUES (4, 'agreenlies3@deliciousdays.com',4,4)
INSERT INTO email(idEmail,Descripcion,idPersona,idProveedor) VALUES (5, 'swindridge4@marketwatch.com',5,5)
INSERT INTO email(idEmail,Descripcion,idPersona,idProveedor) VALUES (6, 'lbendig5@spiegel.de',6,6)
INSERT INTO email(idEmail,Descripcion,idPersona,idProveedor) VALUES (7, 'pgilgryst6@sina.com.cn',7,7)
INSERT INTO email(idEmail,Descripcion,idPersona,idProveedor) VALUES (8, 'wiori7@goo.ne.jp',8,8)
INSERT INTO email(idEmail,Descripcion,idPersona,idProveedor) VALUES (9, 'lmoseley8@cnn.com',9,9)
INSERT INTO email(idEmail,Descripcion,idPersona,idProveedor) VALUES (10, 'gdewen9@gizmodo.com',10,10)
INSERT INTO email(idEmail,Descripcion,idPersona,idProveedor) VALUES (11, 'lbelchera@mail.ru',11,11)
INSERT INTO email(idEmail,Descripcion,idPersona,idProveedor) VALUES (12, 'ependockb@jiathis.com',12,12)
INSERT INTO email(idEmail,Descripcion,idPersona,idProveedor) VALUES (13, 'yphinnessyc@ask.com',13,13)
INSERT INTO email(idEmail,Descripcion,idPersona,idProveedor) VALUES (14, 'bhyldend@nbcnews.com',14,14)
INSERT INTO email(idEmail,Descripcion,idPersona,idProveedor) VALUES (15, 'jjordie@craigslist.org',15,15)
INSERT INTO email(idEmail,Descripcion,idPersona,idProveedor) VALUES (16, 'fwebberley@statcounter.com',1,1)
INSERT INTO email(idEmail,Descripcion,idPersona,idProveedor) VALUES (17, 'cdodell1@hbu.com',2,2)
INSERT INTO email(idEmail,Descripcion,idPersona,idProveedor) VALUES (18, 'llavielle@indiegogo.com',3,3)
INSERT INTO email(idEmail,Descripcion,idPersona,idProveedor) VALUES (19, 'agreenlies@deliciousdays.com',4,4)
INSERT INTO email(idEmail,Descripcion,idPersona,idProveedor) VALUES (20, 'swindridge@marketwatch.com',5,5)
INSERT INTO email(idEmail,Descripcion,idPersona,idProveedor) VALUES (21, 'lbendig5@piegel.de',6,6)
INSERT INTO email(idEmail,Descripcion,idPersona,idProveedor) VALUES (22, 'pgilgrys6@sina.com.cn',7,7)
INSERT INTO email(idEmail,Descripcion,idPersona,idProveedor) VALUES (23, 'wiori@goo.ne.jp',8,8)
INSERT INTO email(idEmail,Descripcion,idPersona,idProveedor) VALUES (24, 'lmosley8@cnn.com',9,9)
INSERT INTO email(idEmail,Descripcion,idPersona,idProveedor) VALUES (25, 'gdeen9@gizmodo.com',10,10)
INSERT INTO email(idEmail,Descripcion,idPersona,idProveedor) VALUES (26, 'lblchera@mail.ru',11,11)
INSERT INTO email(idEmail,Descripcion,idPersona,idProveedor) VALUES (27, 'eendockb@jiathis.com',12,12)
INSERT INTO email(idEmail,Descripcion,idPersona,idProveedor) VALUES (28, 'ypinnessyc@ask.com',13,13)
INSERT INTO email(idEmail,Descripcion,idPersona,idProveedor) VALUES (29, 'bhldend@nbcnews.com',14,14)
INSERT INTO email(idEmail,Descripcion,idPersona,idProveedor) VALUES (30, 'jrdie@craigslist.org',15,15)

INSERT INTO empleado(idEmpleado,idPersona) VALUES(1,1)
INSERT INTO empleado(idEmpleado,idPersona) VALUES(2,2)
INSERT INTO empleado(idEmpleado,idPersona) VALUES(3,3)
INSERT INTO empleado(idEmpleado,idPersona) VALUES(4,4)
INSERT INTO empleado(idEmpleado,idPersona) VALUES(5,5)
INSERT INTO empleado(idEmpleado,idPersona) VALUES(6,6)
INSERT INTO empleado(idEmpleado,idPersona) VALUES(7,7)
INSERT INTO empleado(idEmpleado,idPersona) VALUES(8,8)
INSERT INTO empleado(idEmpleado,idPersona) VALUES(9,9)
INSERT INTO empleado(idEmpleado,idPersona) VALUES(10,10)
INSERT INTO empleado(idEmpleado,idPersona) VALUES(11,11)
INSERT INTO empleado(idEmpleado,idPersona) VALUES(12,12)
INSERT INTO empleado(idEmpleado,idPersona) VALUES(13,13)
INSERT INTO empleado(idEmpleado,idPersona) VALUES(14,14)
INSERT INTO empleado(idEmpleado,idPersona) VALUES(15,15)
INSERT INTO empleado(idEmpleado,idPersona) VALUES(16,1)
INSERT INTO empleado(idEmpleado,idPersona) VALUES(17,2)
INSERT INTO empleado(idEmpleado,idPersona) VALUES(18,3)
INSERT INTO empleado(idEmpleado,idPersona) VALUES(19,4)
INSERT INTO empleado(idEmpleado,idPersona) VALUES(20,5)
INSERT INTO empleado(idEmpleado,idPersona) VALUES(21,6)
INSERT INTO empleado(idEmpleado,idPersona) VALUES(22,7)
INSERT INTO empleado(idEmpleado,idPersona) VALUES(23,8)
INSERT INTO empleado(idEmpleado,idPersona) VALUES(24,9)
INSERT INTO empleado(idEmpleado,idPersona) VALUES(25,10)
INSERT INTO empleado(idEmpleado,idPersona) VALUES(26,11)
INSERT INTO empleado(idEmpleado,idPersona) VALUES(27,12)
INSERT INTO empleado(idEmpleado,idPersona) VALUES(28,13)
INSERT INTO empleado(idEmpleado,idPersona) VALUES(29,14)
INSERT INTO empleado(idEmpleado,idPersona) VALUES(30,15)

INSERT INTO cliente(idCliente,idPersona) VALUES(1,1)
INSERT INTO cliente(idCliente,idPersona) VALUES(2,2)
INSERT INTO cliente(idCliente,idPersona) VALUES(3,3)
INSERT INTO cliente(idCliente,idPersona) VALUES(4,4)
INSERT INTO cliente(idCliente,idPersona) VALUES(5,5)
INSERT INTO cliente(idCliente,idPersona) VALUES(6,6)
INSERT INTO cliente(idCliente,idPersona) VALUES(7,7)
INSERT INTO cliente(idCliente,idPersona) VALUES(8,8)
INSERT INTO cliente(idCliente,idPersona) VALUES(9,9)
INSERT INTO cliente(idCliente,idPersona) VALUES(10,10)
INSERT INTO cliente(idCliente,idPersona) VALUES(11,11)
INSERT INTO cliente(idCliente,idPersona) VALUES(12,12)
INSERT INTO cliente(idCliente,idPersona) VALUES(13,13)
INSERT INTO cliente(idCliente,idPersona) VALUES(14,14)
INSERT INTO cliente(idCliente,idPersona) VALUES(15,15)
INSERT INTO cliente(idCliente,idPersona) VALUES(16,1)
INSERT INTO cliente(idCliente,idPersona) VALUES(17,2)
INSERT INTO cliente(idCliente,idPersona) VALUES(18,3)
INSERT INTO cliente(idCliente,idPersona) VALUES(19,4)
INSERT INTO cliente(idCliente,idPersona) VALUES(20,5)
INSERT INTO cliente(idCliente,idPersona) VALUES(21,6)
INSERT INTO cliente(idCliente,idPersona) VALUES(22,7)
INSERT INTO cliente(idCliente,idPersona) VALUES(23,8)
INSERT INTO cliente(idCliente,idPersona) VALUES(24,9)
INSERT INTO cliente(idCliente,idPersona) VALUES(25,10)
INSERT INTO cliente(idCliente,idPersona) VALUES(26,11)
INSERT INTO cliente(idCliente,idPersona) VALUES(27,12)
INSERT INTO cliente(idCliente,idPersona) VALUES(28,13)
INSERT INTO cliente(idCliente,idPersona) VALUES(29,14)
INSERT INTO cliente(idCliente,idPersona) VALUES(30,15)

INSERT INTO vendedor(idVendedor,idEmpleado) VALUES(1,1)
INSERT INTO vendedor(idVendedor,idEmpleado) VALUES(2,2)
INSERT INTO vendedor(idVendedor,idEmpleado) VALUES(3,3)
INSERT INTO vendedor(idVendedor,idEmpleado) VALUES(4,4)
INSERT INTO vendedor(idVendedor,idEmpleado) VALUES(5,5)
INSERT INTO vendedor(idVendedor,idEmpleado) VALUES(6,6)
INSERT INTO vendedor(idVendedor,idEmpleado) VALUES(7,7)
INSERT INTO vendedor(idVendedor,idEmpleado) VALUES(8,8)
INSERT INTO vendedor(idVendedor,idEmpleado) VALUES(9,9)
INSERT INTO vendedor(idVendedor,idEmpleado) VALUES(10,10)
INSERT INTO vendedor(idVendedor,idEmpleado) VALUES(11,11)
INSERT INTO vendedor(idVendedor,idEmpleado) VALUES(12,12)
INSERT INTO vendedor(idVendedor,idEmpleado) VALUES(13,13)
INSERT INTO vendedor(idVendedor,idEmpleado) VALUES(14,14)
INSERT INTO vendedor(idVendedor,idEmpleado) VALUES(15,15)
INSERT INTO vendedor(idVendedor,idEmpleado) VALUES(16,1)
INSERT INTO vendedor(idVendedor,idEmpleado) VALUES(17,2)
INSERT INTO vendedor(idVendedor,idEmpleado) VALUES(18,3)
INSERT INTO vendedor(idVendedor,idEmpleado) VALUES(19,4)
INSERT INTO vendedor(idVendedor,idEmpleado) VALUES(20,5)
INSERT INTO vendedor(idVendedor,idEmpleado) VALUES(21,6)
INSERT INTO vendedor(idVendedor,idEmpleado) VALUES(22,7)
INSERT INTO vendedor(idVendedor,idEmpleado) VALUES(23,8)
INSERT INTO vendedor(idVendedor,idEmpleado) VALUES(24,9)
INSERT INTO vendedor(idVendedor,idEmpleado) VALUES(25,10)
INSERT INTO vendedor(idVendedor,idEmpleado) VALUES(26,11)
INSERT INTO vendedor(idVendedor,idEmpleado) VALUES(27,12)
INSERT INTO vendedor(idVendedor,idEmpleado) VALUES(28,13)
INSERT INTO vendedor(idVendedor,idEmpleado) VALUES(29,14)
INSERT INTO vendedor(idVendedor,idEmpleado) VALUES(30,15)


INSERT INTO administrador(idAdministrador,idEmpleado) VALUES(1,1)
INSERT INTO administrador(idAdministrador,idEmpleado) VALUES(2,2)
INSERT INTO administrador(idAdministrador,idEmpleado) VALUES(3,3)
INSERT INTO administrador(idAdministrador,idEmpleado) VALUES(4,4)
INSERT INTO administrador(idAdministrador,idEmpleado) VALUES(5,5)
INSERT INTO administrador(idAdministrador,idEmpleado) VALUES(6,6)
INSERT INTO administrador(idAdministrador,idEmpleado) VALUES(7,7)
INSERT INTO administrador(idAdministrador,idEmpleado) VALUES(8,8)
INSERT INTO administrador(idAdministrador,idEmpleado) VALUES(9,9)
INSERT INTO administrador(idAdministrador,idEmpleado) VALUES(10,10)
INSERT INTO administrador(idAdministrador,idEmpleado) VALUES(11,11)
INSERT INTO administrador(idAdministrador,idEmpleado) VALUES(12,12)
INSERT INTO administrador(idAdministrador,idEmpleado) VALUES(13,13)
INSERT INTO administrador(idAdministrador,idEmpleado) VALUES(14,14)
INSERT INTO administrador(idAdministrador,idEmpleado) VALUES(15,15)
INSERT INTO administrador(idAdministrador,idEmpleado) VALUES(16,1)
INSERT INTO administrador(idAdministrador,idEmpleado) VALUES(17,2)
INSERT INTO administrador(idAdministrador,idEmpleado) VALUES(18,3)
INSERT INTO administrador(idAdministrador,idEmpleado) VALUES(19,4)
INSERT INTO administrador(idAdministrador,idEmpleado) VALUES(20,5)
INSERT INTO administrador(idAdministrador,idEmpleado) VALUES(21,6)
INSERT INTO administrador(idAdministrador,idEmpleado) VALUES(22,7)
INSERT INTO administrador(idAdministrador,idEmpleado) VALUES(23,8)
INSERT INTO administrador(idAdministrador,idEmpleado) VALUES(24,9)
INSERT INTO administrador(idAdministrador,idEmpleado) VALUES(25,10)
INSERT INTO administrador(idAdministrador,idEmpleado) VALUES(26,11)
INSERT INTO administrador(idAdministrador,idEmpleado) VALUES(27,12)
INSERT INTO administrador(idAdministrador,idEmpleado) VALUES(28,13)
INSERT INTO administrador(idAdministrador,idEmpleado) VALUES(29,14)
INSERT INTO administrador(idAdministrador,idEmpleado) VALUES(30,15)

INSERT INTO empleadoporcargo(idEmpleado,idCargo,FechaNombramiento,FechaFin) VALUES(1,1,'12/1/2017' ,'12/2/2018')
INSERT INTO empleadoporcargo(idEmpleado,idCargo,FechaNombramiento,FechaFin) VALUES(2,2,'2/5/2015','7/3/2019')
INSERT INTO empleadoporcargo(idEmpleado,idCargo,FechaNombramiento,FechaFin) VALUES(3,3,'4/3/2015','8/6/2019')
INSERT INTO empleadoporcargo(idEmpleado,idCargo,FechaNombramiento,FechaFin) VALUES(4,2,'6/9/2016','12/12/2018')
INSERT INTO empleadoporcargo(idEmpleado,idCargo,FechaNombramiento,FechaFin) VALUES(5,2,'11/12/2017', '5/8/2019')
INSERT INTO empleadoporcargo(idEmpleado,idCargo,FechaNombramiento,FechaFin) VALUES(6,2,'11/8/2016', '5/4/2019')
INSERT INTO empleadoporcargo(idEmpleado,idCargo,FechaNombramiento,FechaFin) VALUES(7,3,'2/4/2015', '4/5/2019')
INSERT INTO empleadoporcargo(idEmpleado,idCargo,FechaNombramiento,FechaFin) VALUES(8,3,'9/5/2015', '7/1/2019')
INSERT INTO empleadoporcargo(idEmpleado,idCargo,FechaNombramiento,FechaFin) VALUES(9,3,'1/1/2014', '10/1/2018')
INSERT INTO empleadoporcargo(idEmpleado,idCargo,FechaNombramiento,FechaFin) VALUES(10,4,'6/9/2017', '8/6/2019')
INSERT INTO empleadoporcargo(idEmpleado,idCargo,FechaNombramiento,FechaFin) VALUES(11,4,'11/8/2016', '7/8/2019')
INSERT INTO empleadoporcargo(idEmpleado,idCargo,FechaNombramiento,FechaFin) VALUES(12,2,'6/3/2018', '1/7/2019')
INSERT INTO empleadoporcargo(idEmpleado,idCargo,FechaNombramiento,FechaFin) VALUES(13,1,'1/8/2016', '10/8/2018')
INSERT INTO empleadoporcargo(idEmpleado,idCargo,FechaNombramiento,FechaFin) VALUES(14,1,'5/1/2017', '10/4/2018')
INSERT INTO empleadoporcargo(idEmpleado,idCargo,FechaNombramiento,FechaFin) VALUES(15,1,'7/3/2017', '5/7/2019')
INSERT INTO empleadoporcargo(idEmpleado,idCargo,FechaNombramiento,FechaFin) VALUES(16,1,'12/4/2017', '12/3/2018')
INSERT INTO empleadoporcargo(idEmpleado,idCargo,FechaNombramiento,FechaFin) VALUES(17,2,'2/5/2015', '7/3/2019')
INSERT INTO empleadoporcargo(idEmpleado,idCargo,FechaNombramiento,FechaFin) VALUES(18,3,'4/3/2015', '8/6/2019')
INSERT INTO empleadoporcargo(idEmpleado,idCargo,FechaNombramiento,FechaFin) VALUES(19,2,'6/9/2016', '12/12/2018')
INSERT INTO empleadoporcargo(idEmpleado,idCargo,FechaNombramiento,FechaFin) VALUES(20,2,'1/12/2017', '5/8/2019')
INSERT INTO empleadoporcargo(idEmpleado,idCargo,FechaNombramiento,FechaFin) VALUES(21,2,'11/8/2016', '5/4/2019')
INSERT INTO empleadoporcargo(idEmpleado,idCargo,FechaNombramiento,FechaFin) VALUES(22,3,'2/4/2015', '4/5/2019')
INSERT INTO empleadoporcargo(idEmpleado,idCargo,FechaNombramiento,FechaFin) VALUES(23,3,'19/5/2015', '7/1/2019')
INSERT INTO empleadoporcargo(idEmpleado,idCargo,FechaNombramiento,FechaFin) VALUES(24,3,'1/1/2014', '10/1/2018')
INSERT INTO empleadoporcargo(idEmpleado,idCargo,FechaNombramiento,FechaFin) VALUES(25,4,'16/9/2017', '8/6/2019')
INSERT INTO empleadoporcargo(idEmpleado,idCargo,FechaNombramiento,FechaFin) VALUES(26,4,'11/8/2016', '7/8/2019')
INSERT INTO empleadoporcargo(idEmpleado,idCargo,FechaNombramiento,FechaFin) VALUES(27,2,'16/1/2018', '1/7/2019')
INSERT INTO empleadoporcargo(idEmpleado,idCargo,FechaNombramiento,FechaFin) VALUES(28,1,'1/4/2016', '10/8/2018')
INSERT INTO empleadoporcargo(idEmpleado,idCargo,FechaNombramiento,FechaFin) VALUES(29,1,'5/1/2017', '10/4/2018')
INSERT INTO empleadoporcargo(idEmpleado,idCargo,FechaNombramiento,FechaFin) VALUES(30,1,'7/10/2017', '5/7/2019')

INSERT INTO comprobante(idComprobante,FechaInicio,FechaFin,idCliente,idAdministrador) VALUES(1,'12/1/2017', '12/2/2018',1,1)
INSERT INTO comprobante(idComprobante,FechaInicio,FechaFin,idCliente,idAdministrador) VALUES(2,'2/2/2018', '7/11/2019',2,2)
INSERT INTO comprobante(idComprobante,FechaInicio,FechaFin,idCliente,idAdministrador) VALUES(3,'4/3/2018', '8/6/2019',3,3)
INSERT INTO comprobante(idComprobante,FechaInicio,FechaFin,idCliente,idAdministrador) VALUES(4,'6/9/2017', '12/12/2018',4,4)
INSERT INTO comprobante(idComprobante,FechaInicio,FechaFin,idCliente,idAdministrador) VALUES(5,'11/12/2018', '5/11/2019',5,5)
INSERT INTO comprobante(idComprobante,FechaInicio,FechaFin,idCliente,idAdministrador) VALUES(6,'11/8/2018', '5/11/2019',6,6)
INSERT INTO comprobante(idComprobante,FechaInicio,FechaFin,idCliente,idAdministrador) VALUES(7,'2/4/2018', '4/11/2019',7,7)
INSERT INTO comprobante(idComprobante,FechaInicio,FechaFin,idCliente,idAdministrador) VALUES(8,'9/5/2018', '7/11/2019',8,8)
INSERT INTO comprobante(idComprobante,FechaInicio,FechaFin,idCliente,idAdministrador) VALUES(9,'1/1/2017', '10/2/2018',9,9)
INSERT INTO comprobante(idComprobante,FechaInicio,FechaFin,idCliente,idAdministrador) VALUES(10,'6/9/2018', '8/12/2019',10,10)
INSERT INTO comprobante(idComprobante,FechaInicio,FechaFin,idCliente,idAdministrador) VALUES(11,'11/8/2018', '7/11/2019',11,11)
INSERT INTO comprobante(idComprobante,FechaInicio,FechaFin,idCliente,idAdministrador) VALUES(12,'6/3/2018', '1/7/2019',12,12)
INSERT INTO comprobante(idComprobante,FechaInicio,FechaFin,idCliente,idAdministrador) VALUES(13,'1/8/2017', '10/11/2018',13,13)
INSERT INTO comprobante(idComprobante,FechaInicio,FechaFin,idCliente,idAdministrador) VALUES(14,'5/1/2017', '10/11/2018', 14,14)
INSERT INTO comprobante(idComprobante,FechaInicio,FechaFin,idCliente,idAdministrador) VALUES(15,'7/2/2018', '5/7/2019',15,15)
INSERT INTO comprobante(idComprobante,FechaInicio,FechaFin,idCliente,idAdministrador) VALUES(16,'12/4/2017', '12/11/2018',16,16)
INSERT INTO comprobante(idComprobante,FechaInicio,FechaFin,idCliente,idAdministrador) VALUES(17,'2/5/2018', '7/11/2019',17,17)
INSERT INTO comprobante(idComprobante,FechaInicio,FechaFin,idCliente,idAdministrador) VALUES(18,'4/3/2018', '8/6/2019',18,18)
INSERT INTO comprobante(idComprobante,FechaInicio,FechaFin,idCliente,idAdministrador) VALUES(19,'6/9/2017', '12/12/2018',19,19)
INSERT INTO comprobante(idComprobante,FechaInicio,FechaFin,idCliente,idAdministrador) VALUES(20,'11/2/2018', '5/8/2019',20,20)
INSERT INTO comprobante(idComprobante,FechaInicio,FechaFin,idCliente,idAdministrador) VALUES(21,'11/8/2018', '5/12/2019',21,21)
INSERT INTO comprobante(idComprobante,FechaInicio,FechaFin,idCliente,idAdministrador) VALUES(22,'2/4/2018', '4/11/2019',22,22)
INSERT INTO comprobante(idComprobante,FechaInicio,FechaFin,idCliente,idAdministrador) VALUES(23,'9/5/2018', '7/11/2019',23,23)
INSERT INTO comprobante(idComprobante,FechaInicio,FechaFin,idCliente,idAdministrador) VALUES(24,'1/1/2017', '10/2/2018',24,24)
INSERT INTO comprobante(idComprobante,FechaInicio,FechaFin,idCliente,idAdministrador) VALUES(25,'6/9/2018', '8/11/2019',25,25)
INSERT INTO comprobante(idComprobante,FechaInicio,FechaFin,idCliente,idAdministrador) VALUES(26,'11/8/2018', '7/11/2019',26,26)
INSERT INTO comprobante(idComprobante,FechaInicio,FechaFin,idCliente,idAdministrador) VALUES(27,'6/3/2018', '1/7/2019',27,27)
INSERT INTO comprobante(idComprobante,FechaInicio,FechaFin,idCliente,idAdministrador) VALUES(28,'12/8/2017', '10/9/2018',28,28)
INSERT INTO comprobante(idComprobante,FechaInicio,FechaFin,idCliente,idAdministrador) VALUES(29,'5/3/2017', '10/4/2018',29,29)
INSERT INTO comprobante(idComprobante,FechaInicio,FechaFin,idCliente,idAdministrador) VALUES(30,'7/3/2018', '5/7/2019',30,30)


INSERT INTO detalledecomprobante(idDetalle,Cantidad,Multa,idComprobante) VALUES (1, 1, 1.60, 1)
INSERT INTO detalledecomprobante(idDetalle,Cantidad,Multa,idComprobante) VALUES (2, 20, 7.63, 2)
INSERT INTO detalledecomprobante(idDetalle,Cantidad,Multa,idComprobante) VALUES (3, 3, 11.64, 3)
INSERT INTO detalledecomprobante(idDetalle,Cantidad,Multa,idComprobante) VALUES (4, 4, 17.40, 4)
INSERT INTO detalledecomprobante(idDetalle,Cantidad,Multa,idComprobante) VALUES (5, 5, 18.59, 5)
INSERT INTO detalledecomprobante(idDetalle,Cantidad,Multa,idComprobante) VALUES (6, 6, 15.89, 6)
INSERT INTO detalledecomprobante(idDetalle,Cantidad,Multa,idComprobante) VALUES (7, 7, 19.99, 7)
INSERT INTO detalledecomprobante(idDetalle,Cantidad,Multa,idComprobante) VALUES (8, 8, 12.42, 8)
INSERT INTO detalledecomprobante(idDetalle,Cantidad,Multa,idComprobante) VALUES (9, 9, 16.97, 9)
INSERT INTO detalledecomprobante(idDetalle,Cantidad,Multa,idComprobante) VALUES (10, 14, 40.99, 10)
INSERT INTO detalledecomprobante(idDetalle,Cantidad,Multa,idComprobante) VALUES (11, 10, 41.50, 11)
INSERT INTO detalledecomprobante(idDetalle,Cantidad,Multa,idComprobante) VALUES (12, 10, 42.35, 12)
INSERT INTO detalledecomprobante(idDetalle,Cantidad,Multa,idComprobante) VALUES (13, 10, 45.28, 13)
INSERT INTO detalledecomprobante(idDetalle,Cantidad,Multa,idComprobante) VALUES (14, 15, 44.42, 14)
INSERT INTO detalledecomprobante(idDetalle,Cantidad,Multa,idComprobante) VALUES (15, 12, 43.02, 15)
INSERT INTO detalledecomprobante(idDetalle,Cantidad,Multa,idComprobante) VALUES (16, 1, 1.60, 16)
INSERT INTO detalledecomprobante(idDetalle,Cantidad,Multa,idComprobante) VALUES (17, 20, 7.63, 17)
INSERT INTO detalledecomprobante(idDetalle,Cantidad,Multa,idComprobante) VALUES (18, 3, 1.64, 18)
INSERT INTO detalledecomprobante(idDetalle,Cantidad,Multa,idComprobante) VALUES (19, 4, 7.40, 19)
INSERT INTO detalledecomprobante(idDetalle,Cantidad,Multa,idComprobante) VALUES (20, 5, 8.59, 20)
INSERT INTO detalledecomprobante(idDetalle,Cantidad,Multa,idComprobante) VALUES (21, 6, 5.89, 21)
INSERT INTO detalledecomprobante(idDetalle,Cantidad,Multa,idComprobante) VALUES (22, 7, 9.99, 22)
INSERT INTO detalledecomprobante(idDetalle,Cantidad,Multa,idComprobante) VALUES (23, 8, 2.42, 23)
INSERT INTO detalledecomprobante(idDetalle,Cantidad,Multa,idComprobante) VALUES (24, 9, 6.97, 24)
INSERT INTO detalledecomprobante(idDetalle,Cantidad,Multa,idComprobante) VALUES (25, 14, 10.99, 25)
INSERT INTO detalledecomprobante(idDetalle,Cantidad,Multa,idComprobante) VALUES (26, 10, 1.50, 26)
INSERT INTO detalledecomprobante(idDetalle,Cantidad,Multa,idComprobante) VALUES (27, 10, 2.35, 27)
INSERT INTO detalledecomprobante(idDetalle,Cantidad,Multa,idComprobante) VALUES (28, 10, 5.28, 28)
INSERT INTO detalledecomprobante(idDetalle,Cantidad,Multa,idComprobante) VALUES (29, 15, 4.42, 29)
INSERT INTO detalledecomprobante(idDetalle,Cantidad,Multa,idComprobante) VALUES (30, 12, 3.02, 30)



INSERT INTO facturaencabezado(idFacturaEncabezado,idCliente,idVendedor,Fecha) VALUES (1, 1, 1, '2/2/2019')
INSERT INTO facturaencabezado(idFacturaEncabezado,idCliente,idVendedor,Fecha) VALUES (2, 2, 2, '6/8/2019')
INSERT INTO facturaencabezado(idFacturaEncabezado,idCliente,idVendedor,Fecha) VALUES (3, 3, 3, '6/9/2019')
INSERT INTO facturaencabezado(idFacturaEncabezado,idCliente,idVendedor,Fecha) VALUES (4, 4, 4, '1/1/2019')
INSERT INTO facturaencabezado(idFacturaEncabezado,idCliente,idVendedor,Fecha) VALUES (5, 5, 5, '1/3/2019')
INSERT INTO facturaencabezado(idFacturaEncabezado,idCliente,idVendedor,Fecha) VALUES (6, 6, 6, '3/6/2019' )
INSERT INTO facturaencabezado(idFacturaEncabezado,idCliente,idVendedor,Fecha) VALUES (7, 7, 7, '2/5/2019')
INSERT INTO facturaencabezado(idFacturaEncabezado,idCliente,idVendedor,Fecha) VALUES (8, 8, 8, '7/10/2019')
INSERT INTO facturaencabezado(idFacturaEncabezado,idCliente,idVendedor,Fecha) VALUES (9, 9, 9, '10/12/2018')
INSERT INTO facturaencabezado(idFacturaEncabezado,idCliente,idVendedor,Fecha) VALUES (10, 10, 10, '9/4/2019')
INSERT INTO facturaencabezado(idFacturaEncabezado,idCliente,idVendedor,Fecha) VALUES (11, 11, 11, '10/7/2018')
INSERT INTO facturaencabezado(idFacturaEncabezado,idCliente,idVendedor,Fecha) VALUES (12, 12, 12, '8/10/2019')
INSERT INTO facturaencabezado(idFacturaEncabezado,idCliente,idVendedor,Fecha) VALUES (13, 13, 13, '3/6/2019')
INSERT INTO facturaencabezado(idFacturaEncabezado,idCliente,idVendedor,Fecha) VALUES (14, 14, 14, '9/7/2019' )
INSERT INTO facturaencabezado(idFacturaEncabezado,idCliente,idVendedor,Fecha) VALUES (15, 15, 15, '5/7/2019')
INSERT INTO facturaencabezado(idFacturaEncabezado,idCliente,idVendedor,Fecha) VALUES (16, 16, 16, '2/8/2019')
INSERT INTO facturaencabezado(idFacturaEncabezado,idCliente,idVendedor,Fecha) VALUES (17, 17, 17, '6/8/2019' )
INSERT INTO facturaencabezado(idFacturaEncabezado,idCliente,idVendedor,Fecha) VALUES (18, 18, 18, '6/1/2019' )
INSERT INTO facturaencabezado(idFacturaEncabezado,idCliente,idVendedor,Fecha) VALUES (19, 19, 19, '1/11/2019')
INSERT INTO facturaencabezado(idFacturaEncabezado,idCliente,idVendedor,Fecha) VALUES (20, 20, 20, '1/3/2019')
INSERT INTO facturaencabezado(idFacturaEncabezado,idCliente,idVendedor,Fecha) VALUES (21, 21, 21, '3/6/2019')
INSERT INTO facturaencabezado(idFacturaEncabezado,idCliente,idVendedor,Fecha) VALUES (22, 22, 22, '2/5/2019')
INSERT INTO facturaencabezado(idFacturaEncabezado,idCliente,idVendedor,Fecha) VALUES (23, 23, 23, '8/10/2019')
INSERT INTO facturaencabezado(idFacturaEncabezado,idCliente,idVendedor,Fecha) VALUES (24, 24, 24, '10/2/2018')
INSERT INTO facturaencabezado(idFacturaEncabezado,idCliente,idVendedor,Fecha) VALUES (25, 25, 25, '9/4/2019')
INSERT INTO facturaencabezado(idFacturaEncabezado,idCliente,idVendedor,Fecha) VALUES (26, 26, 26, '10/7/2018')
INSERT INTO facturaencabezado(idFacturaEncabezado,idCliente,idVendedor,Fecha) VALUES (27, 27, 27, '8/1/2019')
INSERT INTO facturaencabezado(idFacturaEncabezado,idCliente,idVendedor,Fecha) VALUES (28, 28, 28, '3/6/2019')
INSERT INTO facturaencabezado(idFacturaEncabezado,idCliente,idVendedor,Fecha) VALUES (29, 29, 29, '9/7/2019')
INSERT INTO facturaencabezado(idFacturaEncabezado,idCliente,idVendedor,Fecha) VALUES (30, 30, 30, '5/1/2019')



INSERT INTO facturadetalle(idFacturaDetalle,Cantidad,idFacturaEncabezado,idLibro) VALUES (1, 10, 1, 1)
INSERT INTO facturadetalle(idFacturaDetalle,Cantidad,idFacturaEncabezado,idLibro) VALUES (2, 25, 2, 2)
INSERT INTO facturadetalle(idFacturaDetalle,Cantidad,idFacturaEncabezado,idLibro) VALUES (3, 33, 3, 3)
INSERT INTO facturadetalle(idFacturaDetalle,Cantidad,idFacturaEncabezado,idLibro) VALUES (4, 4, 4, 4)
INSERT INTO facturadetalle(idFacturaDetalle,Cantidad,idFacturaEncabezado,idLibro) VALUES (5, 7, 5, 5)
INSERT INTO facturadetalle(idFacturaDetalle,Cantidad,idFacturaEncabezado,idLibro) VALUES (6, 8, 6, 6)
INSERT INTO facturadetalle(idFacturaDetalle,Cantidad,idFacturaEncabezado,idLibro) VALUES (7, 45, 7, 7)
INSERT INTO facturadetalle(idFacturaDetalle,Cantidad,idFacturaEncabezado,idLibro) VALUES (8, 8, 8, 8)
INSERT INTO facturadetalle(idFacturaDetalle,Cantidad,idFacturaEncabezado,idLibro) VALUES (9, 9, 9, 9)
INSERT INTO facturadetalle(idFacturaDetalle,Cantidad,idFacturaEncabezado,idLibro) VALUES (10, 15, 10, 10)
INSERT INTO facturadetalle(idFacturaDetalle,Cantidad,idFacturaEncabezado,idLibro) VALUES (11, 16, 11, 11)
INSERT INTO facturadetalle(idFacturaDetalle,Cantidad,idFacturaEncabezado,idLibro) VALUES (12, 13, 12, 12)
INSERT INTO facturadetalle(idFacturaDetalle,Cantidad,idFacturaEncabezado,idLibro) VALUES (13, 19, 13, 13)
INSERT INTO facturadetalle(idFacturaDetalle,Cantidad,idFacturaEncabezado,idLibro) VALUES (14, 12, 14, 14)
INSERT INTO facturadetalle(idFacturaDetalle,Cantidad,idFacturaEncabezado,idLibro) VALUES (15, 15, 15, 15)
INSERT INTO facturadetalle(idFacturaDetalle,Cantidad,idFacturaEncabezado,idLibro) VALUES (16, 10, 16, 1)
INSERT INTO facturadetalle(idFacturaDetalle,Cantidad,idFacturaEncabezado,idLibro) VALUES (17, 25, 17, 2)
INSERT INTO facturadetalle(idFacturaDetalle,Cantidad,idFacturaEncabezado,idLibro) VALUES (18, 33, 18, 3)
INSERT INTO facturadetalle(idFacturaDetalle,Cantidad,idFacturaEncabezado,idLibro) VALUES (19, 4, 19, 4)
INSERT INTO facturadetalle(idFacturaDetalle,Cantidad,idFacturaEncabezado,idLibro) VALUES (20, 7, 20, 5)
INSERT INTO facturadetalle(idFacturaDetalle,Cantidad,idFacturaEncabezado,idLibro) VALUES (21, 8, 21, 6)
INSERT INTO facturadetalle(idFacturaDetalle,Cantidad,idFacturaEncabezado,idLibro) VALUES (22, 45, 22, 7)
INSERT INTO facturadetalle(idFacturaDetalle,Cantidad,idFacturaEncabezado,idLibro) VALUES (23, 8, 23, 8)
INSERT INTO facturadetalle(idFacturaDetalle,Cantidad,idFacturaEncabezado,idLibro) VALUES (24, 9, 24, 9)
INSERT INTO facturadetalle(idFacturaDetalle,Cantidad,idFacturaEncabezado,idLibro) VALUES (25, 15, 25, 10)
INSERT INTO facturadetalle(idFacturaDetalle,Cantidad,idFacturaEncabezado,idLibro) VALUES (26, 16, 26, 11)
INSERT INTO facturadetalle(idFacturaDetalle,Cantidad,idFacturaEncabezado,idLibro) VALUES (27, 13, 27, 12)
INSERT INTO facturadetalle(idFacturaDetalle,Cantidad,idFacturaEncabezado,idLibro) VALUES (28, 19, 28, 13)
INSERT INTO facturadetalle(idFacturaDetalle,Cantidad,idFacturaEncabezado,idLibro) VALUES (29, 12, 29, 14)
INSERT INTO facturadetalle(idFacturaDetalle,Cantidad,idFacturaEncabezado,idLibro) VALUES (30, 15, 30, 15)


INSERT INTO pagoparafactura(idPago,idFacturaEncabezado) VALUES (1, 1)
INSERT INTO pagoparafactura(idPago,idFacturaEncabezado)  VALUES (2, 2)
INSERT INTO pagoparafactura(idPago,idFacturaEncabezado)  VALUES (3, 3)
INSERT INTO pagoparafactura(idPago,idFacturaEncabezado)  VALUES (4, 4)
INSERT INTO pagoparafactura(idPago,idFacturaEncabezado)  VALUES (5, 5)
INSERT INTO pagoparafactura(idPago,idFacturaEncabezado)  VALUES (6, 6)
INSERT INTO pagoparafactura(idPago,idFacturaEncabezado)  VALUES (7, 7)
INSERT INTO pagoparafactura(idPago,idFacturaEncabezado)  VALUES (8, 8)
INSERT INTO pagoparafactura(idPago,idFacturaEncabezado)  VALUES (9, 9)
INSERT INTO pagoparafactura(idPago,idFacturaEncabezado)  VALUES (10, 10)
INSERT INTO pagoparafactura(idPago,idFacturaEncabezado)  VALUES (11, 11)
INSERT INTO pagoparafactura(idPago,idFacturaEncabezado)  VALUES (12, 12)
INSERT INTO pagoparafactura(idPago,idFacturaEncabezado)  VALUES (13, 13)
INSERT INTO pagoparafactura(idPago,idFacturaEncabezado)  VALUES (14, 14)
INSERT INTO pagoparafactura(idPago,idFacturaEncabezado)  VALUES (15, 15)
INSERT INTO pagoparafactura(idPago,idFacturaEncabezado)  VALUES (1, 16)
INSERT INTO pagoparafactura(idPago,idFacturaEncabezado)  VALUES (2, 17)
INSERT INTO pagoparafactura(idPago,idFacturaEncabezado)  VALUES (3, 18)
INSERT INTO pagoparafactura(idPago,idFacturaEncabezado)  VALUES (4, 19)
INSERT INTO pagoparafactura(idPago,idFacturaEncabezado)  VALUES (5, 20)
INSERT INTO pagoparafactura(idPago,idFacturaEncabezado)  VALUES (6, 21)
INSERT INTO pagoparafactura(idPago,idFacturaEncabezado)  VALUES (7, 22)
INSERT INTO pagoparafactura(idPago,idFacturaEncabezado)  VALUES (8, 23)
INSERT INTO pagoparafactura(idPago,idFacturaEncabezado)  VALUES (9, 24)
INSERT INTO pagoparafactura(idPago,idFacturaEncabezado)  VALUES (10, 25)
INSERT INTO pagoparafactura(idPago,idFacturaEncabezado)  VALUES (11, 26)
INSERT INTO pagoparafactura(idPago,idFacturaEncabezado)  VALUES (12, 27)
INSERT INTO pagoparafactura(idPago,idFacturaEncabezado)  VALUES (13, 28)
INSERT INTO pagoparafactura(idPago,idFacturaEncabezado)  VALUES (14, 29)
INSERT INTO pagoparafactura(idPago,idFacturaEncabezado)  VALUES (15, 30)

INSERT INTO tipopago(idtipopago,descripcion,idPago) VALUES(1,'Tarjeta',1)
INSERT INTO tipopago(idtipopago,descripcion,idPago) VALUES(2,'Efectivo',2)
INSERT INTO tipopago(idtipopago,descripcion,idPago) VALUES(3,'Tarjeta',3)
INSERT INTO tipopago(idtipopago,descripcion,idPago) VALUES(4,'Tarjeta',4)
INSERT INTO tipopago(idtipopago,descripcion,idPago) VALUES(5,'Efectivo',5)
INSERT INTO tipopago(idtipopago,descripcion,idPago) VALUES(6,'Efectivo',6)
INSERT INTO tipopago(idtipopago,descripcion,idPago) VALUES(7,'Tarjeta',7)
INSERT INTO tipopago(idtipopago,descripcion,idPago) VALUES(8,'Tarjeta',8)
INSERT INTO tipopago(idtipopago,descripcion,idPago) VALUES(9,'Efectivo',9)
INSERT INTO tipopago(idtipopago,descripcion,idPago) VALUES(10,'Tarjeta',10)
INSERT INTO tipopago(idtipopago,descripcion,idPago) VALUES(11,'Efectivo',11)
INSERT INTO tipopago(idtipopago,descripcion,idPago) VALUES(12,'Efectivo',12)
INSERT INTO tipopago(idtipopago,descripcion,idPago) VALUES(13,'Tarjeta',13)
INSERT INTO tipopago(idtipopago,descripcion,idPago) VALUES(14,'Efectivo',14)
INSERT INTO tipopago(idtipopago,descripcion,idPago) VALUES(15,'Tarjeta',15)
INSERT INTO tipopago(idtipopago,descripcion,idPago) VALUES(16,'Tarjeta',1)
INSERT INTO tipopago(idtipopago,descripcion,idPago) VALUES(17,'Tarjeta',2)
INSERT INTO tipopago(idtipopago,descripcion,idPago) VALUES(18,'Tarjeta',3)
INSERT INTO tipopago(idtipopago,descripcion,idPago) VALUES(19,'Tarjeta',4)
INSERT INTO tipopago(idtipopago,descripcion,idPago) VALUES(20,'Efectivo',5)
INSERT INTO tipopago(idtipopago,descripcion,idPago) VALUES(21,'Efectivo',6)
INSERT INTO tipopago(idtipopago,descripcion,idPago) VALUES(22,'Efectivo',7)
INSERT INTO tipopago(idtipopago,descripcion,idPago) VALUES(23,'Efectivo',8)
INSERT INTO tipopago(idtipopago,descripcion,idPago) VALUES(24,'Tarjeta',9)
INSERT INTO tipopago(idtipopago,descripcion,idPago) VALUES(25,'Tarjeta',10)
INSERT INTO tipopago(idtipopago,descripcion,idPago) VALUES(26,'Efectivo',11)
INSERT INTO tipopago(idtipopago,descripcion,idPago) VALUES(27,'Tarjeta',12)
INSERT INTO tipopago(idtipopago,descripcion,idPago) VALUES(28,'Tarjeta',13)
INSERT INTO tipopago(idtipopago,descripcion,idPago) VALUES(29,'Efectivo',14)
INSERT INTO tipopago(idtipopago,descripcion,idPago) VALUES(30,'Tarjeta',15)


INSERT INTO registro(idregistro,fechaInicio,fechaFin,idCliente,idAdministrador,estado,multa) VALUES (1, '3/6/2019', '6/9/2019', 1, 1,'Reservado', 10);
INSERT INTO registro(idregistro,fechaInicio,fechaFin,idCliente,idAdministrador,estado,multa) VALUES (2, '5/5/2017', '12/9/2018', 2, 2,'Prestado', 20);
INSERT INTO registro(idregistro,fechaInicio,fechaFin,idCliente,idAdministrador,estado,multa) VALUES (3, '4/3/2019', '5/7/2019', 3, 3,'Disponible', 35);
INSERT INTO registro(idregistro,fechaInicio,fechaFin,idCliente,idAdministrador,estado,multa) VALUES (4, '5/12/2017', '6/5/2019', 4, 4,'Entregado', 40);
INSERT INTO registro(idregistro,fechaInicio,fechaFin,idCliente,idAdministrador,estado,multa) VALUES (5, '2/5/2019', '3/8/2019', 5, 5,'Prestado', 50);
INSERT INTO registro(idregistro,fechaInicio,fechaFin,idCliente,idAdministrador,estado,multa) VALUES (6, '3/4/2019', '3/5/2019', 6, 6,'Prestado', 60);
INSERT INTO registro(idregistro,fechaInicio,fechaFin,idCliente,idAdministrador,estado,multa) VALUES (7, '2/5/2019', '5/12/2019', 7, 7,'Reservado', 70);
INSERT INTO registro(idregistro,fechaInicio,fechaFin,idCliente,idAdministrador,estado,multa) VALUES (8, '8/2/2018', '9/9/2018', 8, 8,'Prestado', 80);
INSERT INTO registro(idregistro,fechaInicio,fechaFin,idCliente,idAdministrador,estado,multa) VALUES (9, '7/11/2018', '8/5/2019', 9, 9,'Entregado', 90);
INSERT INTO registro(idregistro,fechaInicio,fechaFin,idCliente,idAdministrador,estado,multa) VALUES (10, '3/7/2019', '4/12/2019', 10,10,'Prestado', 100);
INSERT INTO registro(idregistro,fechaInicio,fechaFin,idCliente,idAdministrador,estado,multa) VALUES (11, '9/3/2019', '9/12/2019', 11, 11,'Prestado', 15);
INSERT INTO registro(idregistro,fechaInicio,fechaFin,idCliente,idAdministrador,estado,multa) VALUES (12, '1/2/2019', '8/12/2019', 12, 12,'Entregado', 15);
INSERT INTO registro(idregistro,fechaInicio,fechaFin,idCliente,idAdministrador,estado,multa) VALUES (13, '1/3/2019', '1/12/2019', 13, 13,'Disponible', 15);
INSERT INTO registro(idregistro,fechaInicio,fechaFin,idCliente,idAdministrador,estado,multa) VALUES (14, '2/7/2019', '4/12/2019', 14, 14,'Prestado', 15);
INSERT INTO registro(idregistro,fechaInicio,fechaFin,idCliente,idAdministrador,estado,multa) VALUES (15, '10/9/2018', '12/12/2018', 15,15,'Reservado', 15);
INSERT INTO registro(idregistro,fechaInicio,fechaFin,idCliente,idAdministrador,estado,multa) VALUES (16, '3/6/2019', '6/12/2019', 1, 1,'Disponible', 10);
INSERT INTO registro(idregistro,fechaInicio,fechaFin,idCliente,idAdministrador,estado,multa) VALUES (17, '5/5/2018', '12/9/2018', 2, 2,'Prestado', 20);
INSERT INTO registro(idregistro,fechaInicio,fechaFin,idCliente,idAdministrador,estado,multa) VALUES (18, '4/3/2019', '5/7/2019', 3, 3,'Prestado', 35);
INSERT INTO registro(idregistro,fechaInicio,fechaFin,idCliente,idAdministrador,estado,multa) VALUES (19, '6/1/2019', '6/5/2019', 4, 4,'Entregado', 45);
INSERT INTO registro(idregistro,fechaInicio,fechaFin,idCliente,idAdministrador,estado,multa) VALUES (20, '2/5/2019', '3/8/2019', 5, 5,'Reservado', 50);
INSERT INTO registro(idregistro,fechaInicio,fechaFin,idCliente,idAdministrador,estado,multa) VALUES (21, '3/4/2019', '3/5/2019', 6, 6,'Entregado', 65);
INSERT INTO registro(idregistro,fechaInicio,fechaFin,idCliente,idAdministrador,estado,multa) VALUES (22, '2/5/2019', '5/12/2019', 7, 7,'Prestado', 75);
INSERT INTO registro(idregistro,fechaInicio,fechaFin,idCliente,idAdministrador,estado,multa) VALUES (23, '8/4/2018', '9/11/2018', 8, 8,'Disponible',80);
INSERT INTO registro(idregistro,fechaInicio,fechaFin,idCliente,idAdministrador,estado,multa) VALUES (24, '7/11/2019', '8/11/2019', 9, 9,'Prestado', 90);
INSERT INTO registro(idregistro,fechaInicio,fechaFin,idCliente,idAdministrador,estado,multa) VALUES (25, '3/5/2019', '4/11/2019', 10, 10,'Prestado', 100);
INSERT INTO registro(idregistro,fechaInicio,fechaFin,idCliente,idAdministrador,estado,multa) VALUES (26, '2/3/2019', '9/12/2019', 11, 11,'Disponible', 110);
INSERT INTO registro(idregistro,fechaInicio,fechaFin,idCliente,idAdministrador,estado,multa) VALUES (27, '7/2/2019', '8/11/2019', 12, 12,'Entregado', 15);
INSERT INTO registro(idregistro,fechaInicio,fechaFin,idCliente,idAdministrador,estado,multa) VALUES (28, '1/9/2019', '1/11/2019', 13, 13,'Prestado', 15);
INSERT INTO registro(idregistro,fechaInicio,fechaFin,idCliente,idAdministrador,estado,multa) VALUES (29, '1/11/2019', '4/11/2019', 14, 14,'Disponible', 15);
INSERT INTO registro(idregistro,fechaInicio,fechaFin,idCliente,idAdministrador,estado,multa) VALUES (30, '1/1/2018', '12/3/2018', 15, 15,'Prestado', 15);

INSERT INTO tipodelibro(idTipoDeLibro,Descripcion,idLibro) VALUES(1,'Matematica',1)
INSERT INTO tipodelibro(idTipoDeLibro,Descripcion,idLibro) VALUES(2,'Matematica',2)
INSERT INTO tipodelibro(idTipoDeLibro,Descripcion,idLibro) VALUES(3,'Fisica',3)
INSERT INTO tipodelibro(idTipoDeLibro,Descripcion,idLibro) VALUES(4,'Novela',4)
INSERT INTO tipodelibro(idTipoDeLibro,Descripcion,idLibro) VALUES(5,'Quimica',5)
INSERT INTO tipodelibro(idTipoDeLibro,Descripcion,idLibro) VALUES(6,'Anatomia',6)
INSERT INTO tipodelibro(idTipoDeLibro,Descripcion,idLibro) VALUES(7,'Progrmacaion',7)
INSERT INTO tipodelibro(idTipoDeLibro,Descripcion,idLibro) VALUES(8,'Novela',8)
INSERT INTO tipodelibro(idTipoDeLibro,Descripcion,idLibro) VALUES(9,'Geometria',9)
INSERT INTO tipodelibro(idTipoDeLibro,Descripcion,idLibro) VALUES(10,'Novela',10)
INSERT INTO tipodelibro(idTipoDeLibro,Descripcion,idLibro) VALUES(11,'Progrmacion',11)
INSERT INTO tipodelibro(idTipoDeLibro,Descripcion,idLibro) VALUES(12,'Novela',12)
INSERT INTO tipodelibro(idTipoDeLibro,Descripcion,idLibro) VALUES(13,'Matematica',13)
INSERT INTO tipodelibro(idTipoDeLibro,Descripcion,idLibro) VALUES(14,'Politico',14)
INSERT INTO tipodelibro(idTipoDeLibro,Descripcion,idLibro) VALUES(15,'Fisiologia',15)
INSERT INTO tipodelibro(idTipoDeLibro,Descripcion,idLibro) VALUES(16,'Matematica',1)
INSERT INTO tipodelibro(idTipoDeLibro,Descripcion,idLibro) VALUES(17,'Matematica',2)
INSERT INTO tipodelibro(idTipoDeLibro,Descripcion,idLibro) VALUES(18,'Fisica',3)
INSERT INTO tipodelibro(idTipoDeLibro,Descripcion,idLibro) VALUES(19,'Novela',4)
INSERT INTO tipodelibro(idTipoDeLibro,Descripcion,idLibro) VALUES(20,'Quimica',5)
INSERT INTO tipodelibro(idTipoDeLibro,Descripcion,idLibro) VALUES(21,'Anatomia',6)
INSERT INTO tipodelibro(idTipoDeLibro,Descripcion,idLibro) VALUES(22,'Progrmacion',7)
INSERT INTO tipodelibro(idTipoDeLibro,Descripcion,idLibro) VALUES(23,'Novela',8)
INSERT INTO tipodelibro(idTipoDeLibro,Descripcion,idLibro) VALUES(24,'Geometria',9)
INSERT INTO tipodelibro(idTipoDeLibro,Descripcion,idLibro) VALUES(25,'Novela',10)
INSERT INTO tipodelibro(idTipoDeLibro,Descripcion,idLibro) VALUES(26,'Progrmacion',11)
INSERT INTO tipodelibro(idTipoDeLibro,Descripcion,idLibro) VALUES(27,'Novela',12)
INSERT INTO tipodelibro(idTipoDeLibro,Descripcion,idLibro) VALUES(28,'Matematica',13)
INSERT INTO tipodelibro(idTipoDeLibro,Descripcion,idLibro) VALUES(29,'Politico',14)
INSERT INTO tipodelibro(idTipoDeLibro,Descripcion,idLibro) VALUES(30,'Fisiologia',15)

INSERT INTO autorparalibro(idautor,idibro) VALUES(1,1)
INSERT INTO autorparalibro(idautor,idibro) VALUES(2,2)
INSERT INTO autorparalibro(idautor,idibro) VALUES(3,3)
INSERT INTO autorparalibro(idautor,idibro) VALUES(4,4)
INSERT INTO autorparalibro(idautor,idibro) VALUES(5,5)
INSERT INTO autorparalibro(idautor,idibro) VALUES(6,6)
INSERT INTO autorparalibro(idautor,idibro) VALUES(7,7)
INSERT INTO autorparalibro(idautor,idibro) VALUES(8,8)
INSERT INTO autorparalibro(idautor,idibro) VALUES(9,9)
INSERT INTO autorparalibro(idautor,idibro) VALUES(10,10)
INSERT INTO autorparalibro(idautor,idibro) VALUES(11,11)
INSERT INTO autorparalibro(idautor,idibro) VALUES(12,12)
INSERT INTO autorparalibro(idautor,idibro) VALUES(13,13)
INSERT INTO autorparalibro(idautor,idibro) VALUES(14,14)
INSERT INTO autorparalibro(idautor,idibro) VALUES(15,15)
INSERT INTO autorparalibro(idautor,idibro) VALUES(1,1)
INSERT INTO autorparalibro(idautor,idibro) VALUES(2,2)
INSERT INTO autorparalibro(idautor,idibro) VALUES(3,3)
INSERT INTO autorparalibro(idautor,idibro) VALUES(4,4)
INSERT INTO autorparalibro(idautor,idibro) VALUES(5,5)
INSERT INTO autorparalibro(idautor,idibro) VALUES(6,6)
INSERT INTO autorparalibro(idautor,idibro) VALUES(7,7)
INSERT INTO autorparalibro(idautor,idibro) VALUES(8,8)
INSERT INTO autorparalibro(idautor,idibro) VALUES(9,9)
INSERT INTO autorparalibro(idautor,idibro) VALUES(10,10)
INSERT INTO autorparalibro(idautor,idibro) VALUES(11,11)
INSERT INTO autorparalibro(idautor,idibro) VALUES(12,12)
INSERT INTO autorparalibro(idautor,idibro) VALUES(13,13)
INSERT INTO autorparalibro(idautor,idibro) VALUES(14,14)
INSERT INTO autorparalibro(idautor,idibro) VALUES(15,15)

INSERT INTO entradasporlibro(idEntradas,idLibro) VALUES(1,1)
INSERT INTO entradasporlibro(idEntradas,idLibro) VALUES(2,2)
INSERT INTO entradasporlibro(idEntradas,idLibro) VALUES(3,3)
INSERT INTO entradasporlibro(idEntradas,idLibro) VALUES(4,4)
INSERT INTO entradasporlibro(idEntradas,idLibro) VALUES(5,5)
INSERT INTO entradasporlibro(idEntradas,idLibro) VALUES(6,6)
INSERT INTO entradasporlibro(idEntradas,idLibro) VALUES(7,7)
INSERT INTO entradasporlibro(idEntradas,idLibro) VALUES(8,8)
INSERT INTO entradasporlibro(idEntradas,idLibro) VALUES(9,9)
INSERT INTO entradasporlibro(idEntradas,idLibro) VALUES(10,10)
INSERT INTO entradasporlibro(idEntradas,idLibro) VALUES(11,11)
INSERT INTO entradasporlibro(idEntradas,idLibro) VALUES(12,12)
INSERT INTO entradasporlibro(idEntradas,idLibro) VALUES(13,13)
INSERT INTO entradasporlibro(idEntradas,idLibro) VALUES(14,14)
INSERT INTO entradasporlibro(idEntradas,idLibro) VALUES(15,15)
INSERT INTO entradasporlibro(idEntradas,idLibro) VALUES(1,1)
INSERT INTO entradasporlibro(idEntradas,idLibro) VALUES(2,2)
INSERT INTO entradasporlibro(idEntradas,idLibro) VALUES(3,3)
INSERT INTO entradasporlibro(idEntradas,idLibro) VALUES(4,4)
INSERT INTO entradasporlibro(idEntradas,idLibro) VALUES(5,5)
INSERT INTO entradasporlibro(idEntradas,idLibro) VALUES(6,6)
INSERT INTO entradasporlibro(idEntradas,idLibro) VALUES(7,7)
INSERT INTO entradasporlibro(idEntradas,idLibro) VALUES(8,8)
INSERT INTO entradasporlibro(idEntradas,idLibro) VALUES(9,9)
INSERT INTO entradasporlibro(idEntradas,idLibro) VALUES(10,10)
INSERT INTO entradasporlibro(idEntradas,idLibro) VALUES(11,11)
INSERT INTO entradasporlibro(idEntradas,idLibro) VALUES(12,12)
INSERT INTO entradasporlibro(idEntradas,idLibro) VALUES(13,13)
INSERT INTO entradasporlibro(idEntradas,idLibro) VALUES(14,14)
INSERT INTO entradasporlibro(idEntradas,idLibro) VALUES(15,15)

INSERT INTO editorialtienelibro(ideditorial,libroidlibro) VALUES(1,1)
INSERT INTO editorialtienelibro(ideditorial,libroidlibro) VALUES(2,2)
INSERT INTO editorialtienelibro(ideditorial,libroidlibro) VALUES(3,3)
INSERT INTO editorialtienelibro(ideditorial,libroidlibro) VALUES(4,4)
INSERT INTO editorialtienelibro(ideditorial,libroidlibro) VALUES(5,5)
INSERT INTO editorialtienelibro(ideditorial,libroidlibro) VALUES(6,6)
INSERT INTO editorialtienelibro(ideditorial,libroidlibro) VALUES(7,7)
INSERT INTO editorialtienelibro(ideditorial,libroidlibro) VALUES(8,8)
INSERT INTO editorialtienelibro(ideditorial,libroidlibro) VALUES(9,9)
INSERT INTO editorialtienelibro(ideditorial,libroidlibro) VALUES(10,10)
INSERT INTO editorialtienelibro(ideditorial,libroidlibro) VALUES(11,11)
INSERT INTO editorialtienelibro(ideditorial,libroidlibro) VALUES(12,12)
INSERT INTO editorialtienelibro(ideditorial,libroidlibro) VALUES(13,13)
INSERT INTO editorialtienelibro(ideditorial,libroidlibro) VALUES(14,14)
INSERT INTO editorialtienelibro(ideditorial,libroidlibro) VALUES(15,15)
INSERT INTO editorialtienelibro(ideditorial,libroidlibro) VALUES(1,1)
INSERT INTO editorialtienelibro(ideditorial,libroidlibro) VALUES(2,2)
INSERT INTO editorialtienelibro(ideditorial,libroidlibro) VALUES(3,3)
INSERT INTO editorialtienelibro(ideditorial,libroidlibro) VALUES(4,4)
INSERT INTO editorialtienelibro(ideditorial,libroidlibro) VALUES(5,5)
INSERT INTO editorialtienelibro(ideditorial,libroidlibro) VALUES(6,6)
INSERT INTO editorialtienelibro(ideditorial,libroidlibro) VALUES(7,7)
INSERT INTO editorialtienelibro(ideditorial,libroidlibro) VALUES(8,8)
INSERT INTO editorialtienelibro(ideditorial,libroidlibro) VALUES(9,9)
INSERT INTO editorialtienelibro(ideditorial,libroidlibro) VALUES(10,10)
INSERT INTO editorialtienelibro(ideditorial,libroidlibro) VALUES(11,11)
INSERT INTO editorialtienelibro(ideditorial,libroidlibro) VALUES(12,12)
INSERT INTO editorialtienelibro(ideditorial,libroidlibro) VALUES(13,13)
INSERT INTO editorialtienelibro(ideditorial,libroidlibro) VALUES(14,14)
INSERT INTO editorialtienelibro(ideditorial,libroidlibro) VALUES(15,15)

INSERT INTO librorregistro(idlibro,idreregistro) VALUES(1,1)
INSERT INTO librorregistro(idlibro,idreregistro) VALUES(2,2)
INSERT INTO librorregistro(idlibro,idreregistro) VALUES(3,3)
INSERT INTO librorregistro(idlibro,idreregistro) VALUES(4,4)
INSERT INTO librorregistro(idlibro,idreregistro) VALUES(5,5)
INSERT INTO librorregistro(idlibro,idreregistro) VALUES(6,6)
INSERT INTO librorregistro(idlibro,idreregistro) VALUES(7,7)
INSERT INTO librorregistro(idlibro,idreregistro) VALUES(8,8)
INSERT INTO librorregistro(idlibro,idreregistro) VALUES(9,9)
INSERT INTO librorregistro(idlibro,idreregistro) VALUES(10,10)
INSERT INTO librorregistro(idlibro,idreregistro) VALUES(11,11)
INSERT INTO librorregistro(idlibro,idreregistro) VALUES(12,12)
INSERT INTO librorregistro(idlibro,idreregistro) VALUES(13,13)
INSERT INTO librorregistro(idlibro,idreregistro) VALUES(14,14)
INSERT INTO librorregistro(idlibro,idreregistro) VALUES(15,15)
INSERT INTO librorregistro(idlibro,idreregistro) VALUES(1,1)
INSERT INTO librorregistro(idlibro,idreregistro) VALUES(2,2)
INSERT INTO librorregistro(idlibro,idreregistro) VALUES(3,3)
INSERT INTO librorregistro(idlibro,idreregistro) VALUES(4,4)
INSERT INTO librorregistro(idlibro,idreregistro) VALUES(5,5)
INSERT INTO librorregistro(idlibro,idreregistro) VALUES(6,6)
INSERT INTO librorregistro(idlibro,idreregistro) VALUES(7,7)
INSERT INTO librorregistro(idlibro,idreregistro) VALUES(8,8)
INSERT INTO librorregistro(idlibro,idreregistro) VALUES(9,9)
INSERT INTO librorregistro(idlibro,idreregistro) VALUES(10,10)
INSERT INTO librorregistro(idlibro,idreregistro) VALUES(11,11)
INSERT INTO librorregistro(idlibro,idreregistro) VALUES(12,12)
INSERT INTO librorregistro(idlibro,idreregistro) VALUES(13,13)
INSERT INTO librorregistro(idlibro,idreregistro) VALUES(14,14)
INSERT INTO librorregistro(idlibro,idreregistro) VALUES(15,15)

INSERT INTO proveedorporentradas(idProveedor,idEntradas) VALUES(1,1)
INSERT INTO proveedorporentradas(idProveedor,idEntradas) VALUES(2,2)
INSERT INTO proveedorporentradas(idProveedor,idEntradas) VALUES(3,3)
INSERT INTO proveedorporentradas(idProveedor,idEntradas) VALUES(4,4)
INSERT INTO proveedorporentradas(idProveedor,idEntradas) VALUES(5,5)
INSERT INTO proveedorporentradas(idProveedor,idEntradas) VALUES(6,6)
INSERT INTO proveedorporentradas(idProveedor,idEntradas) VALUES(7,7)
INSERT INTO proveedorporentradas(idProveedor,idEntradas) VALUES(8,8)
INSERT INTO proveedorporentradas(idProveedor,idEntradas) VALUES(9,9)
INSERT INTO proveedorporentradas(idProveedor,idEntradas) VALUES(10,10)
INSERT INTO proveedorporentradas(idProveedor,idEntradas) VALUES(11,11)
INSERT INTO proveedorporentradas(idProveedor,idEntradas) VALUES(12,12)
INSERT INTO proveedorporentradas(idProveedor,idEntradas) VALUES(13,13)
INSERT INTO proveedorporentradas(idProveedor,idEntradas) VALUES(14,14)
INSERT INTO proveedorporentradas(idProveedor,idEntradas) VALUES(15,15)
INSERT INTO proveedorporentradas(idProveedor,idEntradas) VALUES(1,1)
INSERT INTO proveedorporentradas(idProveedor,idEntradas) VALUES(2,2)
INSERT INTO proveedorporentradas(idProveedor,idEntradas) VALUES(3,3)
INSERT INTO proveedorporentradas(idProveedor,idEntradas) VALUES(4,4)
INSERT INTO proveedorporentradas(idProveedor,idEntradas) VALUES(5,5)
INSERT INTO proveedorporentradas(idProveedor,idEntradas) VALUES(6,6)
INSERT INTO proveedorporentradas(idProveedor,idEntradas) VALUES(7,7)
INSERT INTO proveedorporentradas(idProveedor,idEntradas) VALUES(8,8)
INSERT INTO proveedorporentradas(idProveedor,idEntradas) VALUES(9,9)
INSERT INTO proveedorporentradas(idProveedor,idEntradas) VALUES(10,10)
INSERT INTO proveedorporentradas(idProveedor,idEntradas) VALUES(11,11)
INSERT INTO proveedorporentradas(idProveedor,idEntradas) VALUES(12,12)
INSERT INTO proveedorporentradas(idProveedor,idEntradas) VALUES(13,13)
INSERT INTO proveedorporentradas(idProveedor,idEntradas) VALUES(14,14)
INSERT INTO proveedorporentradas(idProveedor,idEntradas) VALUES(15,15)

INSERT INTO jefe(idJefe,idEmpleado,usuario,contrasenia) VALUES (1, 1, 'dgoodwins0@ibm.com', 'Devina')
INSERT INTO jefe(idJefe,idEmpleado,usuario,contrasenia) VALUES (2, 2, 'nacum1@va.gov', 'Nicoline')
INSERT INTO jefe(idJefe,idEmpleado,usuario,contrasenia) VALUES (3, 3, 'ceastham2@odnoklassniki.ru', 'Catie')
INSERT INTO jefe(idJefe,idEmpleado,usuario,contrasenia) VALUES (4, 4, 'fcorrett3@newsvine.com', 'Ferdinande')
INSERT INTO jefe(idJefe,idEmpleado,usuario,contrasenia) VALUES (5, 5, 'bburtwistle4@bloomberg.com', 'Brenda')
INSERT INTO jefe(idJefe,idEmpleado,usuario,contrasenia) VALUES (6, 6, 'aradage5@scribd.com', 'Alfi')
INSERT INTO jefe(idJefe,idEmpleado,usuario,contrasenia) VALUES (7, 7, 'novenden6@wikimedia.org', 'Nari')
INSERT INTO jefe(idJefe,idEmpleado,usuario,contrasenia) VALUES (8, 8, 'jheaphy7@tripadvisor.com', 'Jenni')
INSERT INTO jefe(idJefe,idEmpleado,usuario,contrasenia) VALUES (9, 9, 'rwyborn8@dailymail.co.uk', 'Rodina')
INSERT INTO jefe(idJefe,idEmpleado,usuario,contrasenia) VALUES (10, 10, 'abonney9@cnbc.com', 'Aubrette')
INSERT INTO jefe(idJefe,idEmpleado,usuario,contrasenia) VALUES (11, 11, 'atimberlakea@discovery.com', 'Anneliese')
INSERT INTO jefe(idJefe,idEmpleado,usuario,contrasenia) VALUES (12, 12, 'gbazocheb@yahoo.co.jp', 'Gwenny')
INSERT INTO jefe(idJefe,idEmpleado,usuario,contrasenia) VALUES (13, 13, 'bavrahamyc@macromedia.com', 'Bell')
INSERT INTO jefe(idJefe,idEmpleado,usuario,contrasenia) VALUES (14, 14, 'cgonzalvod@ox.ac.uk', 'Con')
INSERT INTO jefe(idJefe,idEmpleado,usuario,contrasenia) VALUES (15, 15, 'rlindsleye@opensource.org', 'Roch')
INSERT INTO jefe(idJefe,idEmpleado,usuario,contrasenia) VALUES (16, 16, 'thawkettf@gov.uk', 'Terri-jo')
INSERT INTO jefe(idJefe,idEmpleado,usuario,contrasenia) VALUES (17, 17, 'spennycookg@bloglovin.com', 'Stormie')
INSERT INTO jefe(idJefe,idEmpleado,usuario,contrasenia) VALUES (18, 18, 'aroxburghh@zdnet.com', 'Amandy')
INSERT INTO jefe(idJefe,idEmpleado,usuario,contrasenia) VALUES (19, 19, 'elenthalli@amazon.co.jp', 'Eugine')
INSERT INTO jefe(idJefe,idEmpleado,usuario,contrasenia) VALUES (20, 20, 'mfontellesj@globo.com', 'Mady')
INSERT INTO jefe(idJefe,idEmpleado,usuario,contrasenia) VALUES (21, 21, 'cbischopk@uol.com.br', 'Celinda')
INSERT INTO jefe(idJefe,idEmpleado,usuario,contrasenia) VALUES (22, 22, 'sjaneczekl@flavors.me', 'Sibel')
INSERT INTO jefe(idJefe,idEmpleado,usuario,contrasenia) VALUES (23, 23, 'kmassenhovem@gov.uk', 'Kora')
INSERT INTO jefe(idJefe,idEmpleado,usuario,contrasenia) VALUES (24, 24, 'jgregorin@webnode.com', 'Joelynn')
INSERT INTO jefe(idJefe,idEmpleado,usuario,contrasenia) VALUES (25, 25, 'amassieo@nifty.com', 'Alverta')
INSERT INTO jefe(idJefe,idEmpleado,usuario,contrasenia) VALUES (26, 26, 'mcaulfieldp@foxnews.com', 'Mufi')
INSERT INTO jefe(idJefe,idEmpleado,usuario,contrasenia) VALUES (27, 27, 'asatchelq@squidoo.com', 'Amelie')
INSERT INTO jefe(idJefe,idEmpleado,usuario,contrasenia) VALUES (28, 28, 'tfoggor@ow.ly', 'Tedi')
INSERT INTO jefe(idJefe,idEmpleado,usuario,contrasenia) VALUES (29, 29, 'koldens@tripod.com', 'Kristen')
INSERT INTO jefe(idJefe,idEmpleado,usuario,contrasenia) VALUES (30, 30, 'bhabdent@multiply.com', 'Berry')

INSERT INTO sucursalesparalibro(idSucursales,idLibro,idSucursal) VALUES(1,1,1)
INSERT INTO sucursalesparalibro(idSucursales,idLibro,idSucursal) VALUES(2,2,2)
INSERT INTO sucursalesparalibro(idSucursales,idLibro,idSucursal) VALUES(3,3,3)
INSERT INTO sucursalesparalibro(idSucursales,idLibro,idSucursal) VALUES(4,4,4)
INSERT INTO sucursalesparalibro(idSucursales,idLibro,idSucursal) VALUES(5,5,5)
INSERT INTO sucursalesparalibro(idSucursales,idLibro,idSucursal) VALUES(6,6,6)
INSERT INTO sucursalesparalibro(idSucursales,idLibro,idSucursal) VALUES(7,7,7)
INSERT INTO sucursalesparalibro(idSucursales,idLibro,idSucursal) VALUES(8,8,8)
INSERT INTO sucursalesparalibro(idSucursales,idLibro,idSucursal) VALUES(9,9,9)
INSERT INTO sucursalesparalibro(idSucursales,idLibro,idSucursal) VALUES(10,10,10)
INSERT INTO sucursalesparalibro(idSucursales,idLibro,idSucursal) VALUES(11,11,11)
INSERT INTO sucursalesparalibro(idSucursales,idLibro,idSucursal) VALUES(12,12,12)
INSERT INTO sucursalesparalibro(idSucursales,idLibro,idSucursal) VALUES(13,13,13)
INSERT INTO sucursalesparalibro(idSucursales,idLibro,idSucursal) VALUES(14,14,14)
INSERT INTO sucursalesparalibro(idSucursales,idLibro,idSucursal) VALUES(15,15,15)
INSERT INTO sucursalesparalibro(idSucursales,idLibro,idSucursal) VALUES(1,1,1)
INSERT INTO sucursalesparalibro(idSucursales,idLibro,idSucursal) VALUES(2,2,2)
INSERT INTO sucursalesparalibro(idSucursales,idLibro,idSucursal) VALUES(3,3,3)
INSERT INTO sucursalesparalibro(idSucursales,idLibro,idSucursal) VALUES(4,4,4)
INSERT INTO sucursalesparalibro(idSucursales,idLibro,idSucursal) VALUES(5,5,5)
INSERT INTO sucursalesparalibro(idSucursales,idLibro,idSucursal) VALUES(6,6,6)
INSERT INTO sucursalesparalibro(idSucursales,idLibro,idSucursal) VALUES(7,7,7)
INSERT INTO sucursalesparalibro(idSucursales,idLibro,idSucursal) VALUES(8,8,8)
INSERT INTO sucursalesparalibro(idSucursales,idLibro,idSucursal) VALUES(9,9,9)
INSERT INTO sucursalesparalibro(idSucursales,idLibro,idSucursal) VALUES(10,10,10)
INSERT INTO sucursalesparalibro(idSucursales,idLibro,idSucursal) VALUES(11,11,11)
INSERT INTO sucursalesparalibro(idSucursales,idLibro,idSucursal) VALUES(12,12,12)
INSERT INTO sucursalesparalibro(idSucursales,idLibro,idSucursal) VALUES(13,13,13)
INSERT INTO sucursalesparalibro(idSucursales,idLibro,idSucursal) VALUES(14,14,14)
INSERT INTO sucursalesparalibro(idSucursales,idLibro,idSucursal) VALUES(15,15,15)